{"version": 5, "weights": {"tagAndCategory": 0.28, "trendingLexical": 0.28, "titleLength": 0.22, "languageStructure": 0.22}, "trainingNotes": {"highViewQuantile": 0.75, "perCategory": "TF-IDF centroid + tag log-weights from high-view rows; length & structure stats; sampleTitles; llmTrendContext for Model 3 prompts.", "sources": "Kaggle-friendly: rsrishav/youtube-trending-video-dataset (XX_youtube_trending_data.csv), datasnaek/youtube-new (XXvideos.csv), plus optional extra CSVs in data/raw/."}, "categories": {"10": {"regions": {"GLOBAL": {"sampleTitles": ["Music video official release 2024", "Music live performance acoustic"], "topTags": ["music", "official", "video", "live", "acoustic"], "tagImportance": {"music": 31.502222710169686, "official": 15.894952349644079, "video": 15.894952349644079, "live": 15.607270360525607, "acoustic": 15.607270360525607}, "idf": {"2024": 1.4054651081081644, "acoustic": 1.4054651081081644, "live": 1.4054651081081644, "live performance": 1.4054651081081644, "music live": 1.4054651081081644, "music video": 1.4054651081081644, "official": 1.4054651081081644, "official release": 1.4054651081081644, "performance": 1.4054651081081644, "performance acoustic": 1.4054651081081644, "release": 1.4054651081081644, "release 2024": 1.4054651081081644, "video": 1.4054651081081644, "video official": 1.4054651081081644}, "centroidTf": {"2024": 0.1767766952966369, "acoustic": 0.2041241452319315, "live": 0.2041241452319315, "live performance": 0.2041241452319315, "music live": 0.2041241452319315, "music video": 0.1767766952966369, "official": 0.1767766952966369, "official release": 0.1767766952966369, "performance": 0.2041241452319315, "performance acoustic": 0.2041241452319315, "release": 0.1767766952966369, "release 2024": 0.1767766952966369, "video": 0.1767766952966369, "video official": 0.1767766952966369}, "titleLenMean": 32.0, "titleLenStd": 1.4142135623730951, "wordCountMean": 4.5, "wordCountStd": 0.7071067811865476, "punctRatioMean": 0.0, "punctRatioStd": 0.01, "digitRatioMean": 0.06060606060606061, "digitRatioStd": 0.06060606060606061, "upperRatioMean": 0.03128054740957967, "upperRatioStd": 0.01, "sampleSize": 2, "llmTrendContext": "Strong tags in this bucket: music, official, video, live, acoustic Trending title examples (structure/voice only): Music video official release 2024 | Music live performance acoustic Typical winning title shape: ~32 characters, ~4.5 words. Hot terms in trending titles: acoustic, live, live performance, music live, performance, performance acoustic, 2024, music video, official, official release, release, release 2024, video, video official"}}}, "20": {"regions": {"GLOBAL": {"sampleTitles": ["Best gaming tips for beginners tonight", "Fortnite tutorial epic wins daily"], "topTags": ["gaming", "fortnite", "tips", "tutorial", "wins"], "tagImportance": {"gaming": 30.675544429842255, "fortnite": 30.675544429842255, "tips": 15.424948870398294, "tutorial": 15.424948870398294, "wins": 15.25059555944396}, "idf": {"beginners": 1.4054651081081644, "beginners tonight": 1.4054651081081644, "best": 1.4054651081081644, "best gaming": 1.4054651081081644, "daily": 1.4054651081081644, "epic": 1.4054651081081644, "epic wins": 1.4054651081081644, "for": 1.4054651081081644, "for beginners": 1.4054651081081644, "fortnite": 1.4054651081081644, "fortnite tutorial": 1.4054651081081644, "gaming": 1.4054651081081644, "gaming tips": 1.4054651081081644, "tips": 1.4054651081081644, "tips for": 1.4054651081081644, "tonight": 1.4054651081081644, "tutorial": 1.4054651081081644, "tutorial epic": 1.4054651081081644, "wins": 1.4054651081081644, "wins daily": 1.4054651081081644}, "centroidTf": {"beginners": 0.15075567228888181, "beginners tonight": 0.15075567228888181, "best": 0.15075567228888181, "best gaming": 0.15075567228888181, "daily": 0.16666666666666669, "epic": 0.16666666666666669, "epic wins": 0.16666666666666669, "for": 0.15075567228888181, "for beginners": 0.15075567228888181, "fortnite": 0.16666666666666669, "fortnite tutorial": 0.16666666666666669, "gaming": 0.15075567228888181, "gaming tips": 0.15075567228888181, "tips": 0.15075567228888181, "tips for": 0.15075567228888181, "tonight": 0.15075567228888181, "tutorial": 0.16666666666666669, "tutorial epic": 0.16666666666666669, "wins": 0.16666666666666669, "wins daily": 0.16666666666666669}, "titleLenMean": 35.5, "titleLenStd": 3.5355339059327378, "wordCountMean": 5.5, "wordCountStd": 0.7071067811865476, "punctRatioMean": 0.0, "punctRatioStd": 0.01, "digitRatioMean": 0.0, "digitRatioStd": 0.01, "upperRatioMean": 0.028309409888357256, "upperRatioStd": 0.01, "sampleSize": 2, "llmTrendContext": "Strong tags in this bucket: gaming, fortnite, tips, tutorial, wins Trending title examples (structure/voice only): Best gaming tips for beginners tonight | Fortnite tutorial epic wins daily Typical winning title shape: ~36 characters, ~5.5 words. Hot terms in trending titles: daily, epic, epic wins, fortnite, fortnite tutorial, tutorial, tutorial epic, wins, wins daily, beginners, beginners tonight, best, best gaming, for"}}}, "23": {"regions": {"GLOBAL": {"sampleTitles": ["Comedy sketch hilarious moment", "Short comedy clip viral"], "topTags": ["comedy", "funny", "sketch", "viral", "clip"], "tagImportance": {"comedy": 28.624275777825027, "funny": 14.914123513298827, "sketch": 14.914123513298827, "viral": 13.7101522645262, "clip": 13.7101522645262}, "idf": {"clip": 1.4054651081081644, "clip viral": 1.4054651081081644, "comedy clip": 1.4054651081081644, "comedy sketch": 1.4054651081081644, "hilarious": 1.4054651081081644, "hilarious moment": 1.4054651081081644, "moment": 1.4054651081081644, "short": 1.4054651081081644, "short comedy": 1.4054651081081644, "sketch": 1.4054651081081644, "sketch hilarious": 1.4054651081081644, "viral": 1.4054651081081644}, "centroidTf": {"clip": 0.2041241452319315, "clip viral": 0.2041241452319315, "comedy clip": 0.2041241452319315, "comedy sketch": 0.2041241452319315, "hilarious": 0.2041241452319315, "hilarious moment": 0.2041241452319315, "moment": 0.2041241452319315, "short": 0.2041241452319315, "short comedy": 0.2041241452319315, "sketch": 0.2041241452319315, "sketch hilarious": 0.2041241452319315, "viral": 0.2041241452319315}, "titleLenMean": 26.5, "titleLenStd": 4.949747468305833, "wordCountMean": 4.0, "wordCountStd": 0.5, "punctRatioMean": 0.0, "punctRatioStd": 0.01, "digitRatioMean": 0.0, "digitRatioStd": 0.01, "upperRatioMean": 0.03840579710144927, "upperRatioStd": 0.01, "sampleSize": 2, "llmTrendContext": "Strong tags in this bucket: comedy, funny, sketch, viral, clip Trending title examples (structure/voice only): Comedy sketch hilarious moment | Short comedy clip viral Typical winning title shape: ~26 characters, ~4.0 words. Hot terms in trending titles: clip, clip viral, comedy clip, comedy sketch, hilarious, hilarious moment, moment, short, short comedy, sketch, sketch hilarious, viral"}}}, "27": {"regions": {"GLOBAL": {"sampleTitles": ["Education math explained simply"], "topTags": ["education", "math", "learn"], "tagImportance": {"education": 14.731802089838109, "math": 14.731802089838109, "learn": 14.731802089838109}, "idf": {}, "centroidTf": {}, "titleLenMean": 31.0, "titleLenStd": 10.0, "wordCountMean": 4.0, "wordCountStd": 3.0, "punctRatioMean": 0.0, "punctRatioStd": 0.05, "digitRatioMean": 0.0, "digitRatioStd": 0.05, "upperRatioMean": 0.03225806451612903, "upperRatioStd": 0.05, "sampleSize": 1, "llmTrendContext": "Strong tags in this bucket: education, math, learn Trending title examples (structure/voice only): Education math explained simply Typical winning title shape: ~31 characters, ~4.0 words."}}}}}